,product_group,confidence,support,lift
316,"frozenset({35880866.0, 35881293.0}),frozenset({36127511.0})",1.0,0.07317073170731707,10.25
439,"frozenset({32842551.0}),frozenset({32079082.0})",1.0,0.024390243902439025,41.0
422,"frozenset({35801556.0}),frozenset({34266421.0})",1.0,0.024390243902439025,20.5
424,"frozenset({32079082.0}),frozenset({32078935.0})",1.0,0.024390243902439025,41.0
425,"frozenset({32078935.0}),frozenset({32079082.0})",1.0,0.024390243902439025,41.0
426,"frozenset({32079082.0}),frozenset({32078830.0})",1.0,0.024390243902439025,41.0
427,"frozenset({32078830.0}),frozenset({32079082.0})",1.0,0.024390243902439025,41.0
428,"frozenset({32078830.0}),frozenset({32078935.0})",1.0,0.024390243902439025,41.0
429,"frozenset({32078935.0}),frozenset({32078830.0})",1.0,0.024390243902439025,41.0
430,"frozenset({32079082.0, 32078830.0}),frozenset({32078935.0})",1.0,0.024390243902439025,41.0
431,"frozenset({32079082.0, 32078935.0}),frozenset({32078830.0})",1.0,0.024390243902439025,41.0
432,"frozenset({32078830.0, 32078935.0}),frozenset({32079082.0})",1.0,0.024390243902439025,41.0
433,"frozenset({32079082.0}),frozenset({32078830.0, 32078935.0})",1.0,0.024390243902439025,41.0
434,"frozenset({32078830.0}),frozenset({32079082.0, 32078935.0})",1.0,0.024390243902439025,41.0
435,"frozenset({32078935.0}),frozenset({32079082.0, 32078830.0})",1.0,0.024390243902439025,41.0
436,"frozenset({32078830.0}),frozenset({32842551.0})",1.0,0.024390243902439025,41.0
437,"frozenset({32842551.0}),frozenset({32078830.0})",1.0,0.024390243902439025,41.0
421,"frozenset({33995213.0}),frozenset({34289171.0})",1.0,0.024390243902439025,41.0
420,"frozenset({34289171.0}),frozenset({33995213.0})",1.0,0.024390243902439025,41.0
419,"frozenset({35567966.0}),frozenset({36590085.0})",1.0,0.024390243902439025,41.0
409,"frozenset({36077076.0}),frozenset({33700716.0})",1.0,0.024390243902439025,4.1000000000000005
401,"frozenset({36483454.0}),frozenset({33348714.0})",1.0,0.024390243902439025,41.0
402,"frozenset({36101590.0}),frozenset({35738871.0})",1.0,0.024390243902439025,41.0
403,"frozenset({35738871.0}),frozenset({36101590.0})",1.0,0.024390243902439025,41.0
405,"frozenset({31047751.0}),frozenset({33700716.0})",1.0,0.024390243902439025,4.1000000000000005
406,"frozenset({36077076.0}),frozenset({31047751.0})",1.0,0.024390243902439025,41.0
407,"frozenset({31047751.0}),frozenset({36077076.0})",1.0,0.024390243902439025,41.0
410,"frozenset({33700716.0, 36077076.0}),frozenset({31047751.0})",1.0,0.024390243902439025,41.0
418,"frozenset({36590085.0}),frozenset({35567966.0})",1.0,0.024390243902439025,41.0
411,"frozenset({33700716.0, 31047751.0}),frozenset({36077076.0})",1.0,0.024390243902439025,41.0
412,"frozenset({36077076.0, 31047751.0}),frozenset({33700716.0})",1.0,0.024390243902439025,4.1000000000000005
414,"frozenset({36077076.0}),frozenset({33700716.0, 31047751.0})",1.0,0.024390243902439025,41.0
415,"frozenset({31047751.0}),frozenset({33700716.0, 36077076.0})",1.0,0.024390243902439025,41.0
416,"frozenset({36115961.0}),frozenset({36115975.0})",1.0,0.024390243902439025,41.0
417,"frozenset({36115975.0}),frozenset({36115961.0})",1.0,0.024390243902439025,41.0
438,"frozenset({32079082.0}),frozenset({32842551.0})",1.0,0.024390243902439025,41.0
440,"frozenset({32078935.0}),frozenset({32842551.0})",1.0,0.024390243902439025,41.0
292,"frozenset({36331232.0}),frozenset({32055275.0})",1.0,0.024390243902439025,41.0
441,"frozenset({32842551.0}),frozenset({32078935.0})",1.0,0.024390243902439025,41.0
460,"frozenset({32079082.0, 32078830.0, 32078935.0}),frozenset({32842551.0})",1.0,0.024390243902439025,41.0
461,"frozenset({32079082.0, 32842551.0, 32078935.0}),frozenset({32078830.0})",1.0,0.024390243902439025,41.0
462,"frozenset({32842551.0, 32078830.0, 32078935.0}),frozenset({32079082.0})",1.0,0.024390243902439025,41.0
463,"frozenset({32079082.0, 32078830.0, 32842551.0}),frozenset({32078935.0})",1.0,0.024390243902439025,41.0
464,"frozenset({32079082.0, 32078935.0}),frozenset({32078830.0, 32842551.0})",1.0,0.024390243902439025,41.0
465,"frozenset({32078830.0, 32078935.0}),frozenset({32079082.0, 32842551.0})",1.0,0.024390243902439025,41.0
466,"frozenset({32842551.0, 32078935.0}),frozenset({32079082.0, 32078830.0})",1.0,0.024390243902439025,41.0
467,"frozenset({32079082.0, 32078830.0}),frozenset({32842551.0, 32078935.0})",1.0,0.024390243902439025,41.0
468,"frozenset({32079082.0, 32842551.0}),frozenset({32078830.0, 32078935.0})",1.0,0.024390243902439025,41.0
469,"frozenset({32078830.0, 32842551.0}),frozenset({32079082.0, 32078935.0})",1.0,0.024390243902439025,41.0
470,"frozenset({32078935.0}),frozenset({32079082.0, 32078830.0, 32842551.0})",1.0,0.024390243902439025,41.0
471,"frozenset({32079082.0}),frozenset({32842551.0, 32078830.0, 32078935.0})",1.0,0.024390243902439025,41.0
472,"frozenset({32078830.0}),frozenset({32079082.0, 32842551.0, 32078935.0})",1.0,0.024390243902439025,41.0
473,"frozenset({32842551.0}),frozenset({32079082.0, 32078830.0, 32078935.0})",1.0,0.024390243902439025,41.0
474,"frozenset({32842551.0}),frozenset({32079103.0})",1.0,0.024390243902439025,41.0
459,"frozenset({32842551.0}),frozenset({32079082.0, 32078935.0})",1.0,0.024390243902439025,41.0
458,"frozenset({32078935.0}),frozenset({32079082.0, 32842551.0})",1.0,0.024390243902439025,41.0
457,"frozenset({32079082.0}),frozenset({32842551.0, 32078935.0})",1.0,0.024390243902439025,41.0
448,"frozenset({32078830.0, 32078935.0}),frozenset({32842551.0})",1.0,0.024390243902439025,41.0
442,"frozenset({32079082.0, 32078830.0}),frozenset({32842551.0})",1.0,0.024390243902439025,41.0
443,"frozenset({32079082.0, 32842551.0}),frozenset({32078830.0})",1.0,0.024390243902439025,41.0
444,"frozenset({32078830.0, 32842551.0}),frozenset({32079082.0})",1.0,0.024390243902439025,41.0
445,"frozenset({32079082.0}),frozenset({32078830.0, 32842551.0})",1.0,0.024390243902439025,41.0
446,"frozenset({32078830.0}),frozenset({32079082.0, 32842551.0})",1.0,0.024390243902439025,41.0
447,"frozenset({32842551.0}),frozenset({32079082.0, 32078830.0})",1.0,0.024390243902439025,41.0
449,"frozenset({32842551.0, 32078935.0}),frozenset({32078830.0})",1.0,0.024390243902439025,41.0
456,"frozenset({32842551.0, 32078935.0}),frozenset({32079082.0})",1.0,0.024390243902439025,41.0
450,"frozenset({32078830.0, 32842551.0}),frozenset({32078935.0})",1.0,0.024390243902439025,41.0
451,"frozenset({32078935.0}),frozenset({32078830.0, 32842551.0})",1.0,0.024390243902439025,41.0
452,"frozenset({32078830.0}),frozenset({32842551.0, 32078935.0})",1.0,0.024390243902439025,41.0
453,"frozenset({32842551.0}),frozenset({32078830.0, 32078935.0})",1.0,0.024390243902439025,41.0
454,"frozenset({32079082.0, 32078935.0}),frozenset({32842551.0})",1.0,0.024390243902439025,41.0
455,"frozenset({32079082.0, 32842551.0}),frozenset({32078935.0})",1.0,0.024390243902439025,41.0
400,"frozenset({33348714.0}),frozenset({36483454.0})",1.0,0.024390243902439025,41.0
399,"frozenset({31047485.0}),frozenset({31047464.0})",1.0,0.024390243902439025,41.0
398,"frozenset({31047464.0}),frozenset({31047485.0})",1.0,0.024390243902439025,41.0
397,"frozenset({35874006.0}),frozenset({30634464.0})",1.0,0.024390243902439025,41.0
327,"frozenset({35880880.0, 35881293.0}),frozenset({35880866.0, 36127511.0})",1.0,0.07317073170731707,10.25
329,"frozenset({35880866.0, 35881293.0}),frozenset({35880880.0, 36127511.0})",1.0,0.07317073170731707,10.25
331,"frozenset({35881293.0, 36127511.0}),frozenset({35880880.0, 35880866.0})",1.0,0.07317073170731707,10.25
334,"frozenset({35881293.0}),frozenset({35880880.0, 35880866.0, 36127511.0})",1.0,0.07317073170731707,10.25
336,"frozenset({33052194.0}),frozenset({33898991.0})",1.0,0.024390243902439025,41.0
337,"frozenset({33898991.0}),frozenset({33052194.0})",1.0,0.024390243902439025,41.0
338,"frozenset({34955872.0}),frozenset({33700716.0})",1.0,0.04878048780487805,4.1000000000000005
340,"frozenset({34266470.0}),frozenset({34265231.0})",1.0,0.024390243902439025,41.0
341,"frozenset({34265231.0}),frozenset({34266470.0})",1.0,0.024390243902439025,41.0
343,"frozenset({35606445.0}),frozenset({33700716.0})",1.0,0.024390243902439025,4.1000000000000005
344,"frozenset({35877016.0}),frozenset({35879830.0})",1.0,0.024390243902439025,41.0
345,"frozenset({35879830.0}),frozenset({35877016.0})",1.0,0.024390243902439025,41.0
347,"frozenset({31881542.0}),frozenset({33817091.0})",1.0,0.024390243902439025,20.5
349,"frozenset({31881542.0}),frozenset({35737093.0})",1.0,0.024390243902439025,13.666666666666668
350,"frozenset({33817091.0, 35737093.0}),frozenset({31881542.0})",1.0,0.024390243902439025,41.0
325,"frozenset({35880866.0, 35881293.0, 36127511.0}),frozenset({35880880.0})",1.0,0.07317073170731707,10.25
324,"frozenset({35880880.0, 35881293.0, 36127511.0}),frozenset({35880866.0})",1.0,0.07317073170731707,10.25
322,"frozenset({35880880.0, 35880866.0, 35881293.0}),frozenset({36127511.0})",1.0,0.07317073170731707,10.25
304,"frozenset({35880880.0, 35881293.0}),frozenset({36127511.0})",1.0,0.07317073170731707,10.25
294,"frozenset({35606424.0}),frozenset({33700716.0})",1.0,0.024390243902439025,4.1000000000000005
296,"frozenset({35944090.0}),frozenset({34285461.0})",1.0,0.024390243902439025,41.0
297,"frozenset({34285461.0}),frozenset({35944090.0})",1.0,0.024390243902439025,41.0
299,"frozenset({35881293.0}),frozenset({35880880.0})",1.0,0.07317073170731707,10.25
300,"frozenset({35881293.0}),frozenset({36127511.0})",1.0,0.07317073170731707,10.25
303,"frozenset({35881293.0}),frozenset({35880866.0})",1.0,0.07317073170731707,10.25
306,"frozenset({35881293.0, 36127511.0}),frozenset({35880880.0})",1.0,0.07317073170731707,10.25
320,"frozenset({35881293.0}),frozenset({35880866.0, 36127511.0})",1.0,0.07317073170731707,10.25
308,"frozenset({35881293.0}),frozenset({35880880.0, 36127511.0})",1.0,0.07317073170731707,10.25
311,"frozenset({35880880.0, 35881293.0}),frozenset({35880866.0})",1.0,0.07317073170731707,10.25
312,"frozenset({35880866.0, 35881293.0}),frozenset({35880880.0})",1.0,0.07317073170731707,10.25
315,"frozenset({35881293.0}),frozenset({35880880.0, 35880866.0})",1.0,0.07317073170731707,10.25
1,"frozenset({33787621.0}),frozenset({33700716.0})",1.0,0.024390243902439025,4.1000000000000005
318,"frozenset({35881293.0, 36127511.0}),frozenset({35880866.0})",1.0,0.07317073170731707,10.25
351,"frozenset({33817091.0, 31881542.0}),frozenset({35737093.0})",1.0,0.024390243902439025,13.666666666666668
352,"frozenset({35737093.0, 31881542.0}),frozenset({33817091.0})",1.0,0.024390243902439025,20.5
355,"frozenset({31881542.0}),frozenset({33817091.0, 35737093.0})",1.0,0.024390243902439025,41.0
387,"frozenset({33817091.0, 35737093.0}),frozenset({35748790.0, 31881542.0})",1.0,0.024390243902439025,41.0
381,"frozenset({33817091.0, 35748790.0, 31881542.0}),frozenset({35737093.0})",1.0,0.024390243902439025,13.666666666666668
382,"frozenset({35748790.0, 35737093.0, 31881542.0}),frozenset({33817091.0})",1.0,0.024390243902439025,20.5
383,"frozenset({33817091.0, 35737093.0, 35748790.0}),frozenset({31881542.0})",1.0,0.024390243902439025,41.0
384,"frozenset({33817091.0, 31881542.0}),frozenset({35737093.0, 35748790.0})",1.0,0.024390243902439025,41.0
385,"frozenset({35737093.0, 31881542.0}),frozenset({33817091.0, 35748790.0})",1.0,0.024390243902439025,41.0
386,"frozenset({35748790.0, 31881542.0}),frozenset({33817091.0, 35737093.0})",1.0,0.024390243902439025,41.0
388,"frozenset({33817091.0, 35748790.0}),frozenset({35737093.0, 31881542.0})",1.0,0.024390243902439025,41.0
379,"frozenset({35748790.0}),frozenset({33817091.0, 35737093.0})",1.0,0.024390243902439025,41.0
389,"frozenset({35737093.0, 35748790.0}),frozenset({33817091.0, 31881542.0})",1.0,0.024390243902439025,41.0
390,"frozenset({31881542.0}),frozenset({33817091.0, 35737093.0, 35748790.0})",1.0,0.024390243902439025,41.0
393,"frozenset({35748790.0}),frozenset({33817091.0, 35737093.0, 31881542.0})",1.0,0.024390243902439025,41.0
394,"frozenset({33009284.0}),frozenset({33001654.0})",1.0,0.024390243902439025,41.0
395,"frozenset({33001654.0}),frozenset({33009284.0})",1.0,0.024390243902439025,41.0
396,"frozenset({30634464.0}),frozenset({35874006.0})",1.0,0.024390243902439025,41.0
380,"frozenset({33817091.0, 35737093.0, 31881542.0}),frozenset({35748790.0})",1.0,0.024390243902439025,41.0
376,"frozenset({35737093.0, 35748790.0}),frozenset({33817091.0})",1.0,0.024390243902439025,20.5
356,"frozenset({31881542.0}),frozenset({35748790.0})",1.0,0.024390243902439025,41.0
365,"frozenset({31881542.0}),frozenset({33817091.0, 35748790.0})",1.0,0.024390243902439025,41.0
357,"frozenset({35748790.0}),frozenset({31881542.0})",1.0,0.024390243902439025,41.0
359,"frozenset({35748790.0}),frozenset({33817091.0})",1.0,0.024390243902439025,20.5
361,"frozenset({35748790.0}),frozenset({35737093.0})",1.0,0.024390243902439025,13.666666666666668
362,"frozenset({33817091.0, 31881542.0}),frozenset({35748790.0})",1.0,0.024390243902439025,41.0
363,"frozenset({35748790.0, 31881542.0}),frozenset({33817091.0})",1.0,0.024390243902439025,20.5
364,"frozenset({33817091.0, 35748790.0}),frozenset({31881542.0})",1.0,0.024390243902439025,41.0
367,"frozenset({35748790.0}),frozenset({33817091.0, 31881542.0})",1.0,0.024390243902439025,41.0
375,"frozenset({33817091.0, 35748790.0}),frozenset({35737093.0})",1.0,0.024390243902439025,13.666666666666668
368,"frozenset({35737093.0, 31881542.0}),frozenset({35748790.0})",1.0,0.024390243902439025,41.0
369,"frozenset({35748790.0, 31881542.0}),frozenset({35737093.0})",1.0,0.024390243902439025,13.666666666666668
370,"frozenset({35737093.0, 35748790.0}),frozenset({31881542.0})",1.0,0.024390243902439025,41.0
371,"frozenset({31881542.0}),frozenset({35737093.0, 35748790.0})",1.0,0.024390243902439025,41.0
373,"frozenset({35748790.0}),frozenset({35737093.0, 31881542.0})",1.0,0.024390243902439025,41.0
374,"frozenset({33817091.0, 35737093.0}),frozenset({35748790.0})",1.0,0.024390243902439025,41.0
475,"frozenset({32079103.0}),frozenset({32842551.0})",1.0,0.024390243902439025,41.0
476,"frozenset({32078830.0}),frozenset({32079103.0})",1.0,0.024390243902439025,41.0
477,"frozenset({32079103.0}),frozenset({32078830.0})",1.0,0.024390243902439025,41.0
550,"frozenset({32079082.0, 32842551.0}),frozenset({32079103.0, 32078935.0})",1.0,0.024390243902439025,41.0
570,"frozenset({32078935.0}),frozenset({32079082.0, 32078830.0, 32079103.0})",1.0,0.024390243902439025,41.0
571,"frozenset({32079082.0}),frozenset({32079103.0, 32078830.0, 32078935.0})",1.0,0.024390243902439025,41.0
572,"frozenset({32078830.0}),frozenset({32079082.0, 32079103.0, 32078935.0})",1.0,0.024390243902439025,41.0
573,"frozenset({32079103.0}),frozenset({32079082.0, 32078830.0, 32078935.0})",1.0,0.024390243902439025,41.0
574,"frozenset({32079082.0, 32842551.0, 32078830.0, 32078935.0}),frozenset({32079103.0})",1.0,0.024390243902439025,41.0
575,"frozenset({32079082.0, 32079103.0, 32078830.0, 32078935.0}),frozenset({32842551.0})",1.0,0.024390243902439025,41.0
576,"frozenset({32079082.0, 32079103.0, 32078830.0, 32842551.0}),frozenset({32078935.0})",1.0,0.024390243902439025,41.0
577,"frozenset({32079082.0, 32079103.0, 32842551.0, 32078935.0}),frozenset({32078830.0})",1.0,0.024390243902439025,41.0
578,"frozenset({32079103.0, 32842551.0, 32078830.0, 32078935.0}),frozenset({32079082.0})",1.0,0.024390243902439025,41.0
579,"frozenset({32079082.0, 32078830.0, 32078935.0}),frozenset({32079103.0, 32842551.0})",1.0,0.024390243902439025,41.0
580,"frozenset({32079082.0, 32078830.0, 32842551.0}),frozenset({32079103.0, 32078935.0})",1.0,0.024390243902439025,41.0
581,"frozenset({32079082.0, 32078830.0, 32079103.0}),frozenset({32842551.0, 32078935.0})",1.0,0.024390243902439025,41.0
582,"frozenset({32079082.0, 32842551.0, 32078935.0}),frozenset({32078830.0, 32079103.0})",1.0,0.024390243902439025,41.0
583,"frozenset({32079082.0, 32079103.0, 32078935.0}),frozenset({32078830.0, 32842551.0})",1.0,0.024390243902439025,41.0
584,"frozenset({32079082.0, 32079103.0, 32842551.0}),frozenset({32078830.0, 32078935.0})",1.0,0.024390243902439025,41.0
569,"frozenset({32078830.0, 32079103.0}),frozenset({32079082.0, 32078935.0})",1.0,0.024390243902439025,41.0
568,"frozenset({32079082.0, 32079103.0}),frozenset({32078830.0, 32078935.0})",1.0,0.024390243902439025,41.0
567,"frozenset({32079082.0, 32078830.0}),frozenset({32079103.0, 32078935.0})",1.0,0.024390243902439025,41.0
558,"frozenset({32078935.0}),frozenset({32079082.0, 32079103.0, 32842551.0})",1.0,0.024390243902439025,41.0
552,"frozenset({32079082.0, 32079103.0}),frozenset({32078935.0, 32842551.0})",1.0,0.024390243902439025,41.0
553,"frozenset({32078935.0, 32842551.0}),frozenset({32079082.0, 32079103.0})",1.0,0.024390243902439025,41.0
554,"frozenset({32079103.0, 32842551.0}),frozenset({32079082.0, 32078935.0})",1.0,0.024390243902439025,41.0
555,"frozenset({32079103.0, 32078935.0}),frozenset({32079082.0, 32842551.0})",1.0,0.024390243902439025,41.0
556,"frozenset({32079082.0}),frozenset({32079103.0, 32078935.0, 32842551.0})",1.0,0.024390243902439025,41.0
557,"frozenset({32842551.0}),frozenset({32079082.0, 32079103.0, 32078935.0})",1.0,0.024390243902439025,41.0
559,"frozenset({32079103.0}),frozenset({32079082.0, 32078935.0, 32842551.0})",1.0,0.024390243902439025,41.0
566,"frozenset({32079103.0, 32078935.0}),frozenset({32079082.0, 32078830.0})",1.0,0.024390243902439025,41.0
560,"frozenset({32079082.0, 32078830.0, 32078935.0}),frozenset({32079103.0})",1.0,0.024390243902439025,41.0
561,"frozenset({32079082.0, 32079103.0, 32078935.0}),frozenset({32078830.0})",1.0,0.024390243902439025,41.0
562,"frozenset({32079103.0, 32078830.0, 32078935.0}),frozenset({32079082.0})",1.0,0.024390243902439025,41.0
563,"frozenset({32079082.0, 32078830.0, 32079103.0}),frozenset({32078935.0})",1.0,0.024390243902439025,41.0
564,"frozenset({32079082.0, 32078935.0}),frozenset({32078830.0, 32079103.0})",1.0,0.024390243902439025,41.0
565,"frozenset({32078830.0, 32078935.0}),frozenset({32079082.0, 32079103.0})",1.0,0.024390243902439025,41.0
585,"frozenset({32842551.0, 32078830.0, 32078935.0}),frozenset({32079082.0, 32079103.0})",1.0,0.024390243902439025,41.0
586,"frozenset({32079103.0, 32078830.0, 32078935.0}),frozenset({32079082.0, 32842551.0})",1.0,0.024390243902439025,41.0
587,"frozenset({32079103.0, 32078830.0, 32842551.0}),frozenset({32079082.0, 32078935.0})",1.0,0.024390243902439025,41.0
617,"frozenset({35185661.0}),frozenset({35737093.0})",1.0,0.024390243902439025,13.666666666666668
608,"frozenset({35265692.0}),frozenset({33700716.0})",1.0,0.024390243902439025,4.1000000000000005
610,"frozenset({36324274.0, 35265692.0}),frozenset({33700716.0})",1.0,0.024390243902439025,4.1000000000000005
611,"frozenset({33700716.0, 35265692.0}),frozenset({36324274.0})",1.0,0.024390243902439025,41.0
612,"frozenset({36324274.0, 33700716.0}),frozenset({35265692.0})",1.0,0.024390243902439025,41.0
613,"frozenset({35265692.0}),frozenset({36324274.0, 33700716.0})",1.0,0.024390243902439025,41.0
614,"frozenset({36324274.0}),frozenset({33700716.0, 35265692.0})",1.0,0.024390243902439025,41.0
619,"frozenset({35929054.0}),frozenset({34955872.0})",1.0,0.024390243902439025,20.5
606,"frozenset({36324274.0}),frozenset({35265692.0})",1.0,0.024390243902439025,41.0
621,"frozenset({35929054.0}),frozenset({33700716.0})",1.0,0.024390243902439025,4.1000000000000005
623,"frozenset({34955872.0, 35929054.0}),frozenset({33700716.0})",1.0,0.024390243902439025,4.1000000000000005
624,"frozenset({33700716.0, 35929054.0}),frozenset({34955872.0})",1.0,0.024390243902439025,20.5
627,"frozenset({35929054.0}),frozenset({34955872.0, 33700716.0})",1.0,0.024390243902439025,20.5
628,"frozenset({34670020.0}),frozenset({33700716.0})",1.0,0.024390243902439025,4.1000000000000005
630,"frozenset({34581001.0}),frozenset({34266533.0})",1.0,0.024390243902439025,41.0
607,"frozenset({35265692.0}),frozenset({36324274.0})",1.0,0.024390243902439025,41.0
604,"frozenset({36324274.0}),frozenset({33700716.0})",1.0,0.024390243902439025,4.1000000000000005
588,"frozenset({32079103.0, 32842551.0, 32078935.0}),frozenset({32079082.0, 32078830.0})",1.0,0.024390243902439025,41.0
595,"frozenset({32078830.0, 32079103.0}),frozenset({32079082.0, 32842551.0, 32078935.0})",1.0,0.024390243902439025,41.0
589,"frozenset({32079082.0, 32078830.0}),frozenset({32079103.0, 32842551.0, 32078935.0})",1.0,0.024390243902439025,41.0
590,"frozenset({32079082.0, 32078935.0}),frozenset({32079103.0, 32078830.0, 32842551.0})",1.0,0.024390243902439025,41.0
591,"frozenset({32079082.0, 32842551.0}),frozenset({32079103.0, 32078830.0, 32078935.0})",1.0,0.024390243902439025,41.0
592,"frozenset({32079082.0, 32079103.0}),frozenset({32842551.0, 32078830.0, 32078935.0})",1.0,0.024390243902439025,41.0
593,"frozenset({32078830.0, 32078935.0}),frozenset({32079082.0, 32079103.0, 32842551.0})",1.0,0.024390243902439025,41.0
594,"frozenset({32078830.0, 32842551.0}),frozenset({32079082.0, 32079103.0, 32078935.0})",1.0,0.024390243902439025,41.0
596,"frozenset({32842551.0, 32078935.0}),frozenset({32079082.0, 32078830.0, 32079103.0})",1.0,0.024390243902439025,41.0
603,"frozenset({32079103.0}),frozenset({32079082.0, 32842551.0, 32078830.0, 32078935.0})",1.0,0.024390243902439025,41.0
597,"frozenset({32079103.0, 32078935.0}),frozenset({32079082.0, 32078830.0, 32842551.0})",1.0,0.024390243902439025,41.0
598,"frozenset({32079103.0, 32842551.0}),frozenset({32079082.0, 32078830.0, 32078935.0})",1.0,0.024390243902439025,41.0
599,"frozenset({32079082.0}),frozenset({32079103.0, 32842551.0, 32078830.0, 32078935.0})",1.0,0.024390243902439025,41.0
600,"frozenset({32078830.0}),frozenset({32079082.0, 32079103.0, 32842551.0, 32078935.0})",1.0,0.024390243902439025,41.0
601,"frozenset({32078935.0}),frozenset({32079082.0, 32079103.0, 32078830.0, 32842551.0})",1.0,0.024390243902439025,41.0
602,"frozenset({32842551.0}),frozenset({32079082.0, 32079103.0, 32078830.0, 32078935.0})",1.0,0.024390243902439025,41.0
551,"frozenset({32079082.0, 32078935.0}),frozenset({32079103.0, 32842551.0})",1.0,0.024390243902439025,41.0
549,"frozenset({32079103.0, 32078935.0, 32842551.0}),frozenset({32079082.0})",1.0,0.024390243902439025,41.0
478,"frozenset({32079082.0}),frozenset({32079103.0})",1.0,0.024390243902439025,41.0
548,"frozenset({32079082.0, 32079103.0, 32078935.0}),frozenset({32842551.0})",1.0,0.024390243902439025,41.0
497,"frozenset({32842551.0}),frozenset({32079103.0, 32078935.0})",1.0,0.024390243902439025,41.0
498,"frozenset({32078935.0}),frozenset({32079103.0, 32842551.0})",1.0,0.024390243902439025,41.0
499,"frozenset({32079103.0}),frozenset({32078935.0, 32842551.0})",1.0,0.024390243902439025,41.0
500,"frozenset({32079082.0, 32078830.0}),frozenset({32079103.0})",1.0,0.024390243902439025,41.0
501,"frozenset({32079082.0, 32079103.0}),frozenset({32078830.0})",1.0,0.024390243902439025,41.0
502,"frozenset({32078830.0, 32079103.0}),frozenset({32079082.0})",1.0,0.024390243902439025,41.0
503,"frozenset({32079082.0}),frozenset({32078830.0, 32079103.0})",1.0,0.024390243902439025,41.0
504,"frozenset({32078830.0}),frozenset({32079082.0, 32079103.0})",1.0,0.024390243902439025,41.0
505,"frozenset({32079103.0}),frozenset({32079082.0, 32078830.0})",1.0,0.024390243902439025,41.0
506,"frozenset({32078830.0, 32078935.0}),frozenset({32079103.0})",1.0,0.024390243902439025,41.0
507,"frozenset({32079103.0, 32078935.0}),frozenset({32078830.0})",1.0,0.024390243902439025,41.0
508,"frozenset({32078830.0, 32079103.0}),frozenset({32078935.0})",1.0,0.024390243902439025,41.0
509,"frozenset({32078935.0}),frozenset({32078830.0, 32079103.0})",1.0,0.024390243902439025,41.0
510,"frozenset({32078830.0}),frozenset({32079103.0, 32078935.0})",1.0,0.024390243902439025,41.0
511,"frozenset({32079103.0}),frozenset({32078830.0, 32078935.0})",1.0,0.024390243902439025,41.0
496,"frozenset({32079103.0, 32078935.0}),frozenset({32842551.0})",1.0,0.024390243902439025,41.0
495,"frozenset({32079103.0, 32842551.0}),frozenset({32078935.0})",1.0,0.024390243902439025,41.0
494,"frozenset({32078935.0, 32842551.0}),frozenset({32079103.0})",1.0,0.024390243902439025,41.0
485,"frozenset({32842551.0}),frozenset({32078830.0, 32079103.0})",1.0,0.024390243902439025,41.0
479,"frozenset({32079103.0}),frozenset({32079082.0})",1.0,0.024390243902439025,41.0
480,"frozenset({32078935.0}),frozenset({32079103.0})",1.0,0.024390243902439025,41.0
481,"frozenset({32079103.0}),frozenset({32078935.0})",1.0,0.024390243902439025,41.0
482,"frozenset({32078830.0, 32842551.0}),frozenset({32079103.0})",1.0,0.024390243902439025,41.0
483,"frozenset({32079103.0, 32842551.0}),frozenset({32078830.0})",1.0,0.024390243902439025,41.0
484,"frozenset({32078830.0, 32079103.0}),frozenset({32842551.0})",1.0,0.024390243902439025,41.0
486,"frozenset({32078830.0}),frozenset({32079103.0, 32842551.0})",1.0,0.024390243902439025,41.0
493,"frozenset({32079103.0}),frozenset({32079082.0, 32842551.0})",1.0,0.024390243902439025,41.0
487,"frozenset({32079103.0}),frozenset({32078830.0, 32842551.0})",1.0,0.024390243902439025,41.0
488,"frozenset({32079082.0, 32842551.0}),frozenset({32079103.0})",1.0,0.024390243902439025,41.0
489,"frozenset({32079082.0, 32079103.0}),frozenset({32842551.0})",1.0,0.024390243902439025,41.0
490,"frozenset({32079103.0, 32842551.0}),frozenset({32079082.0})",1.0,0.024390243902439025,41.0
491,"frozenset({32079082.0}),frozenset({32079103.0, 32842551.0})",1.0,0.024390243902439025,41.0
492,"frozenset({32842551.0}),frozenset({32079082.0, 32079103.0})",1.0,0.024390243902439025,41.0
512,"frozenset({32079082.0, 32078935.0}),frozenset({32079103.0})",1.0,0.024390243902439025,41.0
513,"frozenset({32079082.0, 32079103.0}),frozenset({32078935.0})",1.0,0.024390243902439025,41.0
514,"frozenset({32079103.0, 32078935.0}),frozenset({32079082.0})",1.0,0.024390243902439025,41.0
540,"frozenset({32079103.0, 32842551.0}),frozenset({32078830.0, 32078935.0})",1.0,0.024390243902439025,41.0
534,"frozenset({32079103.0, 32078830.0, 32078935.0}),frozenset({32842551.0})",1.0,0.024390243902439025,41.0
535,"frozenset({32079103.0, 32078830.0, 32842551.0}),frozenset({32078935.0})",1.0,0.024390243902439025,41.0
536,"frozenset({32842551.0, 32078935.0}),frozenset({32078830.0, 32079103.0})",1.0,0.024390243902439025,41.0
537,"frozenset({32078830.0, 32078935.0}),frozenset({32079103.0, 32842551.0})",1.0,0.024390243902439025,41.0
538,"frozenset({32079103.0, 32078935.0}),frozenset({32078830.0, 32842551.0})",1.0,0.024390243902439025,41.0
539,"frozenset({32078830.0, 32842551.0}),frozenset({32079103.0, 32078935.0})",1.0,0.024390243902439025,41.0
541,"frozenset({32078830.0, 32079103.0}),frozenset({32842551.0, 32078935.0})",1.0,0.024390243902439025,41.0
532,"frozenset({32842551.0, 32078830.0, 32078935.0}),frozenset({32079103.0})",1.0,0.024390243902439025,41.0
542,"frozenset({32078935.0}),frozenset({32079103.0, 32078830.0, 32842551.0})",1.0,0.024390243902439025,41.0
543,"frozenset({32842551.0}),frozenset({32079103.0, 32078830.0, 32078935.0})",1.0,0.024390243902439025,41.0
544,"frozenset({32078830.0}),frozenset({32079103.0, 32842551.0, 32078935.0})",1.0,0.024390243902439025,41.0
545,"frozenset({32079103.0}),frozenset({32842551.0, 32078830.0, 32078935.0})",1.0,0.024390243902439025,41.0
546,"frozenset({32079082.0, 32078935.0, 32842551.0}),frozenset({32079103.0})",1.0,0.024390243902439025,41.0
547,"frozenset({32079082.0, 32079103.0, 32842551.0}),frozenset({32078935.0})",1.0,0.024390243902439025,41.0
533,"frozenset({32079103.0, 32842551.0, 32078935.0}),frozenset({32078830.0})",1.0,0.024390243902439025,41.0
531,"frozenset({32079103.0}),frozenset({32079082.0, 32078830.0, 32842551.0})",1.0,0.024390243902439025,41.0
515,"frozenset({32079082.0}),frozenset({32079103.0, 32078935.0})",1.0,0.024390243902439025,41.0
522,"frozenset({32079082.0, 32842551.0}),frozenset({32078830.0, 32079103.0})",1.0,0.024390243902439025,41.0
516,"frozenset({32078935.0}),frozenset({32079082.0, 32079103.0})",1.0,0.024390243902439025,41.0
517,"frozenset({32079103.0}),frozenset({32079082.0, 32078935.0})",1.0,0.024390243902439025,41.0
518,"frozenset({32079082.0, 32078830.0, 32842551.0}),frozenset({32079103.0})",1.0,0.024390243902439025,41.0
519,"frozenset({32079082.0, 32079103.0, 32842551.0}),frozenset({32078830.0})",1.0,0.024390243902439025,41.0
520,"frozenset({32079082.0, 32078830.0, 32079103.0}),frozenset({32842551.0})",1.0,0.024390243902439025,41.0
521,"frozenset({32079103.0, 32078830.0, 32842551.0}),frozenset({32079082.0})",1.0,0.024390243902439025,41.0
523,"frozenset({32079082.0, 32078830.0}),frozenset({32079103.0, 32842551.0})",1.0,0.024390243902439025,41.0
530,"frozenset({32078830.0}),frozenset({32079082.0, 32079103.0, 32842551.0})",1.0,0.024390243902439025,41.0
524,"frozenset({32079082.0, 32079103.0}),frozenset({32078830.0, 32842551.0})",1.0,0.024390243902439025,41.0
525,"frozenset({32078830.0, 32842551.0}),frozenset({32079082.0, 32079103.0})",1.0,0.024390243902439025,41.0
526,"frozenset({32079103.0, 32842551.0}),frozenset({32079082.0, 32078830.0})",1.0,0.024390243902439025,41.0
527,"frozenset({32078830.0, 32079103.0}),frozenset({32079082.0, 32842551.0})",1.0,0.024390243902439025,41.0
528,"frozenset({32079082.0}),frozenset({32079103.0, 32078830.0, 32842551.0})",1.0,0.024390243902439025,41.0
529,"frozenset({32842551.0}),frozenset({32079082.0, 32078830.0, 32079103.0})",1.0,0.024390243902439025,41.0
293,"frozenset({32055275.0}),frozenset({36331232.0})",1.0,0.024390243902439025,41.0
631,"frozenset({34266533.0}),frozenset({34581001.0})",1.0,0.024390243902439025,41.0
291,"frozenset({35315231.0}),frozenset({34252904.0, 32372746.0, 33700716.0})",1.0,0.024390243902439025,41.0
124,"frozenset({35931112.0, 35930860.0, 35799092.0}),frozenset({35931084.0})",1.0,0.024390243902439025,41.0
106,"frozenset({35799092.0}),frozenset({35930944.0, 35930860.0})",1.0,0.024390243902439025,41.0
107,"frozenset({35930860.0}),frozenset({35930944.0, 35799092.0})",1.0,0.024390243902439025,41.0
108,"frozenset({35931112.0, 35930944.0, 35931084.0}),frozenset({35799092.0})",1.0,0.024390243902439025,41.0
109,"frozenset({35931112.0, 35930944.0, 35799092.0}),frozenset({35931084.0})",1.0,0.024390243902439025,41.0
110,"frozenset({35931112.0, 35931084.0, 35799092.0}),frozenset({35930944.0})",1.0,0.024390243902439025,41.0
111,"frozenset({35930944.0, 35931084.0, 35799092.0}),frozenset({35931112.0})",1.0,0.024390243902439025,41.0
112,"frozenset({35931112.0, 35930944.0}),frozenset({35931084.0, 35799092.0})",1.0,0.024390243902439025,41.0
113,"frozenset({35931112.0, 35931084.0}),frozenset({35930944.0, 35799092.0})",1.0,0.024390243902439025,41.0
114,"frozenset({35931112.0, 35799092.0}),frozenset({35930944.0, 35931084.0})",1.0,0.024390243902439025,41.0
115,"frozenset({35930944.0, 35931084.0}),frozenset({35931112.0, 35799092.0})",1.0,0.024390243902439025,41.0
116,"frozenset({35930944.0, 35799092.0}),frozenset({35931112.0, 35931084.0})",1.0,0.024390243902439025,41.0
117,"frozenset({35931084.0, 35799092.0}),frozenset({35931112.0, 35930944.0})",1.0,0.024390243902439025,41.0
118,"frozenset({35931112.0}),frozenset({35930944.0, 35931084.0, 35799092.0})",1.0,0.024390243902439025,41.0
119,"frozenset({35930944.0}),frozenset({35931112.0, 35931084.0, 35799092.0})",1.0,0.024390243902439025,41.0
120,"frozenset({35931084.0}),frozenset({35931112.0, 35930944.0, 35799092.0})",1.0,0.024390243902439025,41.0
121,"frozenset({35799092.0}),frozenset({35931112.0, 35930944.0, 35931084.0})",1.0,0.024390243902439025,41.0
122,"frozenset({35931112.0, 35931084.0, 35930860.0}),frozenset({35799092.0})",1.0,0.024390243902439025,41.0
105,"frozenset({35930944.0}),frozenset({35799092.0, 35930860.0})",1.0,0.024390243902439025,41.0
104,"frozenset({35799092.0, 35930860.0}),frozenset({35930944.0})",1.0,0.024390243902439025,41.0
103,"frozenset({35930944.0, 35930860.0}),frozenset({35799092.0})",1.0,0.024390243902439025,41.0
93,"frozenset({35930944.0}),frozenset({35931084.0, 35799092.0})",1.0,0.024390243902439025,41.0
86,"frozenset({35799092.0, 35930860.0}),frozenset({35931112.0})",1.0,0.024390243902439025,41.0
87,"frozenset({35931112.0}),frozenset({35799092.0, 35930860.0})",1.0,0.024390243902439025,41.0
88,"frozenset({35799092.0}),frozenset({35931112.0, 35930860.0})",1.0,0.024390243902439025,41.0
89,"frozenset({35930860.0}),frozenset({35931112.0, 35799092.0})",1.0,0.024390243902439025,41.0
90,"frozenset({35930944.0, 35931084.0}),frozenset({35799092.0})",1.0,0.024390243902439025,41.0
91,"frozenset({35930944.0, 35799092.0}),frozenset({35931084.0})",1.0,0.024390243902439025,41.0
92,"frozenset({35931084.0, 35799092.0}),frozenset({35930944.0})",1.0,0.024390243902439025,41.0
94,"frozenset({35931084.0}),frozenset({35930944.0, 35799092.0})",1.0,0.024390243902439025,41.0
102,"frozenset({35930944.0, 35799092.0}),frozenset({35930860.0})",1.0,0.024390243902439025,41.0
95,"frozenset({35799092.0}),frozenset({35930944.0, 35931084.0})",1.0,0.024390243902439025,41.0
96,"frozenset({35931084.0, 35930860.0}),frozenset({35799092.0})",1.0,0.024390243902439025,41.0
97,"frozenset({35931084.0, 35799092.0}),frozenset({35930860.0})",1.0,0.024390243902439025,41.0
98,"frozenset({35930860.0, 35799092.0}),frozenset({35931084.0})",1.0,0.024390243902439025,41.0
99,"frozenset({35931084.0}),frozenset({35930860.0, 35799092.0})",1.0,0.024390243902439025,41.0
100,"frozenset({35930860.0}),frozenset({35931084.0, 35799092.0})",1.0,0.024390243902439025,41.0
101,"frozenset({35799092.0}),frozenset({35931084.0, 35930860.0})",1.0,0.024390243902439025,41.0
123,"frozenset({35931112.0, 35931084.0, 35799092.0}),frozenset({35930860.0})",1.0,0.024390243902439025,41.0
125,"frozenset({35931084.0, 35930860.0, 35799092.0}),frozenset({35931112.0})",1.0,0.024390243902439025,41.0
84,"frozenset({35931112.0, 35799092.0}),frozenset({35930860.0})",1.0,0.024390243902439025,41.0
126,"frozenset({35931112.0, 35931084.0}),frozenset({35930860.0, 35799092.0})",1.0,0.024390243902439025,41.0
147,"frozenset({35930944.0}),frozenset({35931112.0, 35799092.0, 35930860.0})",1.0,0.024390243902439025,41.0
148,"frozenset({35799092.0}),frozenset({35931112.0, 35930944.0, 35930860.0})",1.0,0.024390243902439025,41.0
149,"frozenset({35930860.0}),frozenset({35931112.0, 35930944.0, 35799092.0})",1.0,0.024390243902439025,41.0
150,"frozenset({35930944.0, 35931084.0, 35930860.0}),frozenset({35799092.0})",1.0,0.024390243902439025,41.0
151,"frozenset({35930944.0, 35931084.0, 35799092.0}),frozenset({35930860.0})",1.0,0.024390243902439025,41.0
152,"frozenset({35930944.0, 35930860.0, 35799092.0}),frozenset({35931084.0})",1.0,0.024390243902439025,41.0
153,"frozenset({35931084.0, 35930860.0, 35799092.0}),frozenset({35930944.0})",1.0,0.024390243902439025,41.0
154,"frozenset({35930944.0, 35931084.0}),frozenset({35930860.0, 35799092.0})",1.0,0.024390243902439025,41.0
155,"frozenset({35930944.0, 35930860.0}),frozenset({35931084.0, 35799092.0})",1.0,0.024390243902439025,41.0
156,"frozenset({35930944.0, 35799092.0}),frozenset({35931084.0, 35930860.0})",1.0,0.024390243902439025,41.0
157,"frozenset({35931084.0, 35930860.0}),frozenset({35930944.0, 35799092.0})",1.0,0.024390243902439025,41.0
158,"frozenset({35931084.0, 35799092.0}),frozenset({35930944.0, 35930860.0})",1.0,0.024390243902439025,41.0
159,"frozenset({35930860.0, 35799092.0}),frozenset({35930944.0, 35931084.0})",1.0,0.024390243902439025,41.0
161,"frozenset({35931084.0}),frozenset({35930944.0, 35930860.0, 35799092.0})",1.0,0.024390243902439025,41.0
162,"frozenset({35930860.0}),frozenset({35930944.0, 35931084.0, 35799092.0})",1.0,0.024390243902439025,41.0
163,"frozenset({35799092.0}),frozenset({35930944.0, 35931084.0, 35930860.0})",1.0,0.024390243902439025,41.0
164,"frozenset({35930944.0, 35931112.0, 35931084.0, 35930860.0}),frozenset({35799092.0})",1.0,0.024390243902439025,41.0
146,"frozenset({35931112.0}),frozenset({35930944.0, 35799092.0, 35930860.0})",1.0,0.024390243902439025,41.0
145,"frozenset({35799092.0, 35930860.0}),frozenset({35931112.0, 35930944.0})",1.0,0.024390243902439025,41.0
144,"frozenset({35930944.0, 35930860.0}),frozenset({35931112.0, 35799092.0})",1.0,0.024390243902439025,41.0
134,"frozenset({35930860.0}),frozenset({35931112.0, 35931084.0, 35799092.0})",1.0,0.024390243902439025,41.0
127,"frozenset({35931112.0, 35930860.0}),frozenset({35931084.0, 35799092.0})",1.0,0.024390243902439025,41.0
128,"frozenset({35931112.0, 35799092.0}),frozenset({35931084.0, 35930860.0})",1.0,0.024390243902439025,41.0
129,"frozenset({35931084.0, 35930860.0}),frozenset({35931112.0, 35799092.0})",1.0,0.024390243902439025,41.0
130,"frozenset({35931084.0, 35799092.0}),frozenset({35931112.0, 35930860.0})",1.0,0.024390243902439025,41.0
131,"frozenset({35930860.0, 35799092.0}),frozenset({35931112.0, 35931084.0})",1.0,0.024390243902439025,41.0
132,"frozenset({35931112.0}),frozenset({35931084.0, 35930860.0, 35799092.0})",1.0,0.024390243902439025,41.0
133,"frozenset({35931084.0}),frozenset({35931112.0, 35930860.0, 35799092.0})",1.0,0.024390243902439025,41.0
135,"frozenset({35799092.0}),frozenset({35931112.0, 35931084.0, 35930860.0})",1.0,0.024390243902439025,41.0
143,"frozenset({35930944.0, 35799092.0}),frozenset({35931112.0, 35930860.0})",1.0,0.024390243902439025,41.0
136,"frozenset({35931112.0, 35930944.0, 35799092.0}),frozenset({35930860.0})",1.0,0.024390243902439025,41.0
137,"frozenset({35931112.0, 35930944.0, 35930860.0}),frozenset({35799092.0})",1.0,0.024390243902439025,41.0
138,"frozenset({35931112.0, 35799092.0, 35930860.0}),frozenset({35930944.0})",1.0,0.024390243902439025,41.0
139,"frozenset({35930944.0, 35799092.0, 35930860.0}),frozenset({35931112.0})",1.0,0.024390243902439025,41.0
140,"frozenset({35931112.0, 35930944.0}),frozenset({35799092.0, 35930860.0})",1.0,0.024390243902439025,41.0
141,"frozenset({35931112.0, 35799092.0}),frozenset({35930944.0, 35930860.0})",1.0,0.024390243902439025,41.0
142,"frozenset({35931112.0, 35930860.0}),frozenset({35930944.0, 35799092.0})",1.0,0.024390243902439025,41.0
85,"frozenset({35931112.0, 35930860.0}),frozenset({35799092.0})",1.0,0.024390243902439025,41.0
83,"frozenset({35799092.0}),frozenset({35931112.0, 35930944.0})",1.0,0.024390243902439025,41.0
166,"frozenset({35930944.0, 35931112.0, 35930860.0, 35799092.0}),frozenset({35931084.0})",1.0,0.024390243902439025,41.0
42,"frozenset({35931084.0}),frozenset({35931112.0, 35930860.0})",1.0,0.024390243902439025,41.0
24,"frozenset({35931084.0}),frozenset({35930944.0, 35930860.0})",1.0,0.024390243902439025,41.0
25,"frozenset({35930860.0}),frozenset({35930944.0, 35931084.0})",1.0,0.024390243902439025,41.0
26,"frozenset({35931112.0}),frozenset({35931084.0})",1.0,0.024390243902439025,41.0
27,"frozenset({35931084.0}),frozenset({35931112.0})",1.0,0.024390243902439025,41.0
28,"frozenset({35931112.0}),frozenset({35930944.0})",1.0,0.024390243902439025,41.0
29,"frozenset({35930944.0}),frozenset({35931112.0})",1.0,0.024390243902439025,41.0
30,"frozenset({35931112.0}),frozenset({35930860.0})",1.0,0.024390243902439025,41.0
31,"frozenset({35930860.0}),frozenset({35931112.0})",1.0,0.024390243902439025,41.0
32,"frozenset({35931112.0, 35930944.0}),frozenset({35931084.0})",1.0,0.024390243902439025,41.0
33,"frozenset({35931112.0, 35931084.0}),frozenset({35930944.0})",1.0,0.024390243902439025,41.0
34,"frozenset({35930944.0, 35931084.0}),frozenset({35931112.0})",1.0,0.024390243902439025,41.0
35,"frozenset({35931112.0}),frozenset({35930944.0, 35931084.0})",1.0,0.024390243902439025,41.0
36,"frozenset({35930944.0}),frozenset({35931112.0, 35931084.0})",1.0,0.024390243902439025,41.0
37,"frozenset({35931084.0}),frozenset({35931112.0, 35930944.0})",1.0,0.024390243902439025,41.0
38,"frozenset({35931112.0, 35931084.0}),frozenset({35930860.0})",1.0,0.024390243902439025,41.0
39,"frozenset({35931112.0, 35930860.0}),frozenset({35931084.0})",1.0,0.024390243902439025,41.0
40,"frozenset({35931084.0, 35930860.0}),frozenset({35931112.0})",1.0,0.024390243902439025,41.0
23,"frozenset({35930944.0}),frozenset({35931084.0, 35930860.0})",1.0,0.024390243902439025,41.0
22,"frozenset({35931084.0, 35930860.0}),frozenset({35930944.0})",1.0,0.024390243902439025,41.0
21,"frozenset({35930944.0, 35930860.0}),frozenset({35931084.0})",1.0,0.024390243902439025,41.0
11,"frozenset({33787621.0}),frozenset({35149576.0, 33700716.0})",1.0,0.024390243902439025,41.0
2,"frozenset({35149576.0}),frozenset({33787621.0})",1.0,0.024390243902439025,41.0
3,"frozenset({33787621.0}),frozenset({35149576.0})",1.0,0.024390243902439025,41.0
4,"frozenset({35149576.0}),frozenset({33700716.0})",1.0,0.024390243902439025,4.1000000000000005
6,"frozenset({35149576.0, 33700716.0}),frozenset({33787621.0})",1.0,0.024390243902439025,41.0
7,"frozenset({35149576.0, 33787621.0}),frozenset({33700716.0})",1.0,0.024390243902439025,4.1000000000000005
8,"frozenset({33700716.0, 33787621.0}),frozenset({35149576.0})",1.0,0.024390243902439025,41.0
9,"frozenset({35149576.0}),frozenset({33700716.0, 33787621.0})",1.0,0.024390243902439025,41.0
12,"frozenset({34389243.0}),frozenset({35609245.0})",1.0,0.024390243902439025,41.0
20,"frozenset({35930944.0, 35931084.0}),frozenset({35930860.0})",1.0,0.024390243902439025,41.0
13,"frozenset({35609245.0}),frozenset({34389243.0})",1.0,0.024390243902439025,41.0
14,"frozenset({35930944.0}),frozenset({35930860.0})",1.0,0.024390243902439025,41.0
15,"frozenset({35930860.0}),frozenset({35930944.0})",1.0,0.024390243902439025,41.0
16,"frozenset({35930944.0}),frozenset({35931084.0})",1.0,0.024390243902439025,41.0
17,"frozenset({35931084.0}),frozenset({35930944.0})",1.0,0.024390243902439025,41.0
18,"frozenset({35931084.0}),frozenset({35930860.0})",1.0,0.024390243902439025,41.0
19,"frozenset({35930860.0}),frozenset({35931084.0})",1.0,0.024390243902439025,41.0
41,"frozenset({35931112.0}),frozenset({35931084.0, 35930860.0})",1.0,0.024390243902439025,41.0
43,"frozenset({35930860.0}),frozenset({35931112.0, 35931084.0})",1.0,0.024390243902439025,41.0
82,"frozenset({35930944.0}),frozenset({35931112.0, 35799092.0})",1.0,0.024390243902439025,41.0
44,"frozenset({35931112.0, 35930944.0}),frozenset({35930860.0})",1.0,0.024390243902439025,41.0
65,"frozenset({35799092.0}),frozenset({35931112.0})",1.0,0.024390243902439025,41.0
66,"frozenset({35931084.0}),frozenset({35799092.0})",1.0,0.024390243902439025,41.0
67,"frozenset({35799092.0}),frozenset({35931084.0})",1.0,0.024390243902439025,41.0
68,"frozenset({35930944.0}),frozenset({35799092.0})",1.0,0.024390243902439025,41.0
69,"frozenset({35799092.0}),frozenset({35930944.0})",1.0,0.024390243902439025,41.0
70,"frozenset({35799092.0}),frozenset({35930860.0})",1.0,0.024390243902439025,41.0
71,"frozenset({35930860.0}),frozenset({35799092.0})",1.0,0.024390243902439025,41.0
72,"frozenset({35931112.0, 35931084.0}),frozenset({35799092.0})",1.0,0.024390243902439025,41.0
73,"frozenset({35931112.0, 35799092.0}),frozenset({35931084.0})",1.0,0.024390243902439025,41.0
74,"frozenset({35931084.0, 35799092.0}),frozenset({35931112.0})",1.0,0.024390243902439025,41.0
75,"frozenset({35931112.0}),frozenset({35931084.0, 35799092.0})",1.0,0.024390243902439025,41.0
76,"frozenset({35931084.0}),frozenset({35931112.0, 35799092.0})",1.0,0.024390243902439025,41.0
77,"frozenset({35799092.0}),frozenset({35931112.0, 35931084.0})",1.0,0.024390243902439025,41.0
78,"frozenset({35931112.0, 35930944.0}),frozenset({35799092.0})",1.0,0.024390243902439025,41.0
79,"frozenset({35931112.0, 35799092.0}),frozenset({35930944.0})",1.0,0.024390243902439025,41.0
80,"frozenset({35930944.0, 35799092.0}),frozenset({35931112.0})",1.0,0.024390243902439025,41.0
81,"frozenset({35931112.0}),frozenset({35930944.0, 35799092.0})",1.0,0.024390243902439025,41.0
64,"frozenset({35931112.0}),frozenset({35799092.0})",1.0,0.024390243902439025,41.0
63,"frozenset({35930860.0}),frozenset({35931112.0, 35930944.0, 35931084.0})",1.0,0.024390243902439025,41.0
62,"frozenset({35931084.0}),frozenset({35931112.0, 35930944.0, 35930860.0})",1.0,0.024390243902439025,41.0
52,"frozenset({35931112.0, 35931084.0, 35930860.0}),frozenset({35930944.0})",1.0,0.024390243902439025,41.0
45,"frozenset({35931112.0, 35930860.0}),frozenset({35930944.0})",1.0,0.024390243902439025,41.0
46,"frozenset({35930944.0, 35930860.0}),frozenset({35931112.0})",1.0,0.024390243902439025,41.0
47,"frozenset({35931112.0}),frozenset({35930944.0, 35930860.0})",1.0,0.024390243902439025,41.0
48,"frozenset({35930944.0}),frozenset({35931112.0, 35930860.0})",1.0,0.024390243902439025,41.0
49,"frozenset({35930860.0}),frozenset({35931112.0, 35930944.0})",1.0,0.024390243902439025,41.0
50,"frozenset({35931112.0, 35930944.0, 35931084.0}),frozenset({35930860.0})",1.0,0.024390243902439025,41.0
51,"frozenset({35931112.0, 35930944.0, 35930860.0}),frozenset({35931084.0})",1.0,0.024390243902439025,41.0
53,"frozenset({35930944.0, 35931084.0, 35930860.0}),frozenset({35931112.0})",1.0,0.024390243902439025,41.0
61,"frozenset({35930944.0}),frozenset({35931112.0, 35931084.0, 35930860.0})",1.0,0.024390243902439025,41.0
54,"frozenset({35931112.0, 35930944.0}),frozenset({35931084.0, 35930860.0})",1.0,0.024390243902439025,41.0
55,"frozenset({35931112.0, 35931084.0}),frozenset({35930944.0, 35930860.0})",1.0,0.024390243902439025,41.0
56,"frozenset({35931112.0, 35930860.0}),frozenset({35930944.0, 35931084.0})",1.0,0.024390243902439025,41.0
57,"frozenset({35930944.0, 35931084.0}),frozenset({35931112.0, 35930860.0})",1.0,0.024390243902439025,41.0
58,"frozenset({35930944.0, 35930860.0}),frozenset({35931112.0, 35931084.0})",1.0,0.024390243902439025,41.0
59,"frozenset({35931084.0, 35930860.0}),frozenset({35931112.0, 35930944.0})",1.0,0.024390243902439025,41.0
60,"frozenset({35931112.0}),frozenset({35930944.0, 35931084.0, 35930860.0})",1.0,0.024390243902439025,41.0
165,"frozenset({35930944.0, 35931112.0, 35931084.0, 35799092.0}),frozenset({35930860.0})",1.0,0.024390243902439025,41.0
160,"frozenset({35930944.0}),frozenset({35931084.0, 35930860.0, 35799092.0})",1.0,0.024390243902439025,41.0
167,"frozenset({35930944.0, 35931084.0, 35930860.0, 35799092.0}),frozenset({35931112.0})",1.0,0.024390243902439025,41.0
257,"frozenset({35315231.0}),frozenset({34252904.0})",1.0,0.024390243902439025,41.0
255,"frozenset({35315231.0}),frozenset({32372746.0})",1.0,0.024390243902439025,41.0
254,"frozenset({32372746.0}),frozenset({35315231.0})",1.0,0.024390243902439025,41.0
252,"frozenset({32372746.0}),frozenset({34252904.0, 33700716.0})",1.0,0.024390243902439025,41.0
251,"frozenset({34252904.0}),frozenset({32372746.0, 33700716.0})",1.0,0.024390243902439025,41.0
250,"frozenset({32372746.0, 33700716.0}),frozenset({34252904.0})",1.0,0.024390243902439025,41.0
249,"frozenset({34252904.0, 33700716.0}),frozenset({32372746.0})",1.0,0.024390243902439025,41.0
248,"frozenset({34252904.0, 32372746.0}),frozenset({33700716.0})",1.0,0.024390243902439025,4.1000000000000005
246,"frozenset({32372746.0}),frozenset({33700716.0})",1.0,0.024390243902439025,4.1000000000000005
245,"frozenset({32372746.0}),frozenset({34252904.0})",1.0,0.024390243902439025,41.0
168,"frozenset({35931112.0, 35931084.0, 35930860.0, 35799092.0}),frozenset({35930944.0})",1.0,0.024390243902439025,41.0
242,"frozenset({34252904.0}),frozenset({33700716.0})",1.0,0.024390243902439025,4.1000000000000005
241,"frozenset({35653422.0}),frozenset({34389852.0})",1.0,0.024390243902439025,41.0
240,"frozenset({34389852.0}),frozenset({35653422.0})",1.0,0.024390243902439025,41.0
239,"frozenset({35930902.0}),frozenset({35930965.0, 36547973.0})",1.0,0.024390243902439025,41.0
238,"frozenset({36547973.0}),frozenset({35930965.0, 35930902.0})",1.0,0.024390243902439025,41.0
237,"frozenset({35930965.0}),frozenset({36547973.0, 35930902.0})",1.0,0.024390243902439025,41.0
236,"frozenset({36547973.0, 35930902.0}),frozenset({35930965.0})",1.0,0.024390243902439025,41.0
235,"frozenset({35930965.0, 35930902.0}),frozenset({36547973.0})",1.0,0.024390243902439025,41.0
234,"frozenset({35930965.0, 36547973.0}),frozenset({35930902.0})",1.0,0.024390243902439025,41.0
233,"frozenset({35930902.0}),frozenset({36547973.0})",1.0,0.024390243902439025,41.0
232,"frozenset({36547973.0}),frozenset({35930902.0})",1.0,0.024390243902439025,41.0
231,"frozenset({36547973.0}),frozenset({35930965.0})",1.0,0.024390243902439025,41.0
230,"frozenset({35930965.0}),frozenset({36547973.0})",1.0,0.024390243902439025,41.0
229,"frozenset({35930902.0}),frozenset({35930965.0})",1.0,0.024390243902439025,41.0
228,"frozenset({35930965.0}),frozenset({35930902.0})",1.0,0.024390243902439025,41.0
227,"frozenset({33995773.0}),frozenset({35196196.0})",1.0,0.024390243902439025,41.0
226,"frozenset({35196196.0}),frozenset({33995773.0})",1.0,0.024390243902439025,41.0
256,"frozenset({34252904.0}),frozenset({35315231.0})",1.0,0.024390243902439025,41.0
259,"frozenset({35315231.0}),frozenset({33700716.0})",1.0,0.024390243902439025,4.1000000000000005
223,"frozenset({35874181.0}),frozenset({34266421.0})",1.0,0.024390243902439025,20.5
260,"frozenset({34252904.0, 32372746.0}),frozenset({35315231.0})",1.0,0.024390243902439025,41.0
289,"frozenset({32372746.0}),frozenset({34252904.0, 33700716.0, 35315231.0})",1.0,0.024390243902439025,41.0
288,"frozenset({34252904.0}),frozenset({32372746.0, 33700716.0, 35315231.0})",1.0,0.024390243902439025,41.0
287,"frozenset({33700716.0, 35315231.0}),frozenset({34252904.0, 32372746.0})",1.0,0.024390243902439025,41.0
286,"frozenset({32372746.0, 35315231.0}),frozenset({34252904.0, 33700716.0})",1.0,0.024390243902439025,41.0
285,"frozenset({32372746.0, 33700716.0}),frozenset({34252904.0, 35315231.0})",1.0,0.024390243902439025,41.0
284,"frozenset({34252904.0, 35315231.0}),frozenset({32372746.0, 33700716.0})",1.0,0.024390243902439025,41.0
283,"frozenset({34252904.0, 33700716.0}),frozenset({32372746.0, 35315231.0})",1.0,0.024390243902439025,41.0
282,"frozenset({34252904.0, 32372746.0}),frozenset({33700716.0, 35315231.0})",1.0,0.024390243902439025,41.0
281,"frozenset({32372746.0, 33700716.0, 35315231.0}),frozenset({34252904.0})",1.0,0.024390243902439025,41.0
280,"frozenset({34252904.0, 33700716.0, 35315231.0}),frozenset({32372746.0})",1.0,0.024390243902439025,41.0
279,"frozenset({34252904.0, 32372746.0, 35315231.0}),frozenset({33700716.0})",1.0,0.024390243902439025,4.1000000000000005
278,"frozenset({34252904.0, 32372746.0, 33700716.0}),frozenset({35315231.0})",1.0,0.024390243902439025,41.0
277,"frozenset({35315231.0}),frozenset({34252904.0, 33700716.0})",1.0,0.024390243902439025,41.0
275,"frozenset({34252904.0}),frozenset({33700716.0, 35315231.0})",1.0,0.024390243902439025,41.0
274,"frozenset({33700716.0, 35315231.0}),frozenset({34252904.0})",1.0,0.024390243902439025,41.0
273,"frozenset({34252904.0, 35315231.0}),frozenset({33700716.0})",1.0,0.024390243902439025,4.1000000000000005
272,"frozenset({34252904.0, 33700716.0}),frozenset({35315231.0})",1.0,0.024390243902439025,41.0
271,"frozenset({35315231.0}),frozenset({32372746.0, 33700716.0})",1.0,0.024390243902439025,41.0
269,"frozenset({32372746.0}),frozenset({33700716.0, 35315231.0})",1.0,0.024390243902439025,41.0
268,"frozenset({33700716.0, 35315231.0}),frozenset({32372746.0})",1.0,0.024390243902439025,41.0
267,"frozenset({32372746.0, 35315231.0}),frozenset({33700716.0})",1.0,0.024390243902439025,4.1000000000000005
266,"frozenset({32372746.0, 33700716.0}),frozenset({35315231.0})",1.0,0.024390243902439025,41.0
265,"frozenset({35315231.0}),frozenset({34252904.0, 32372746.0})",1.0,0.024390243902439025,41.0
264,"frozenset({32372746.0}),frozenset({34252904.0, 35315231.0})",1.0,0.024390243902439025,41.0
263,"frozenset({34252904.0}),frozenset({32372746.0, 35315231.0})",1.0,0.024390243902439025,41.0
262,"frozenset({32372746.0, 35315231.0}),frozenset({34252904.0})",1.0,0.024390243902439025,41.0
261,"frozenset({34252904.0, 35315231.0}),frozenset({32372746.0})",1.0,0.024390243902439025,41.0
224,"frozenset({34419476.0}),frozenset({35737093.0})",1.0,0.024390243902439025,13.666666666666668
244,"frozenset({34252904.0}),frozenset({32372746.0})",1.0,0.024390243902439025,41.0
189,"frozenset({35930944.0}),frozenset({35931112.0, 35931084.0, 35930860.0, 35799092.0})",1.0,0.024390243902439025,41.0
206,"frozenset({35880866.0, 36127511.0}),frozenset({35880880.0})",1.0,0.0975609756097561,10.25
176,"frozenset({35931112.0, 35931084.0, 35799092.0}),frozenset({35930944.0, 35930860.0})",1.0,0.024390243902439025,41.0
177,"frozenset({35931112.0, 35930860.0, 35799092.0}),frozenset({35930944.0, 35931084.0})",1.0,0.024390243902439025,41.0
204,"frozenset({35880880.0, 35880866.0}),frozenset({36127511.0})",1.0,0.0975609756097561,10.25
203,"frozenset({35880866.0}),frozenset({35880880.0})",1.0,0.0975609756097561,10.25
201,"frozenset({36127511.0}),frozenset({35880880.0})",1.0,0.0975609756097561,10.25
200,"frozenset({35880880.0}),frozenset({36127511.0})",1.0,0.0975609756097561,10.25
178,"frozenset({35931084.0, 35930860.0, 35799092.0}),frozenset({35930944.0, 35931112.0})",1.0,0.024390243902439025,41.0
199,"frozenset({36127511.0}),frozenset({35880866.0})",1.0,0.0975609756097561,10.25
179,"frozenset({35930944.0, 35931112.0}),frozenset({35931084.0, 35930860.0, 35799092.0})",1.0,0.024390243902439025,41.0
180,"frozenset({35930944.0, 35931084.0}),frozenset({35931112.0, 35930860.0, 35799092.0})",1.0,0.024390243902439025,41.0
198,"frozenset({35880866.0}),frozenset({36127511.0})",1.0,0.0975609756097561,10.25
196,"frozenset({34320314.0}),frozenset({33817091.0})",1.0,0.024390243902439025,20.5
181,"frozenset({35930944.0, 35930860.0}),frozenset({35931112.0, 35931084.0, 35799092.0})",1.0,0.024390243902439025,41.0
182,"frozenset({35930944.0, 35799092.0}),frozenset({35931112.0, 35931084.0, 35930860.0})",1.0,0.024390243902439025,41.0
183,"frozenset({35931112.0, 35931084.0}),frozenset({35930944.0, 35930860.0, 35799092.0})",1.0,0.024390243902439025,41.0
193,"frozenset({35799092.0}),frozenset({35930944.0, 35931112.0, 35931084.0, 35930860.0})",1.0,0.024390243902439025,41.0
192,"frozenset({35930860.0}),frozenset({35930944.0, 35931112.0, 35931084.0, 35799092.0})",1.0,0.024390243902439025,41.0
191,"frozenset({35931084.0}),frozenset({35930944.0, 35931112.0, 35930860.0, 35799092.0})",1.0,0.024390243902439025,41.0
190,"frozenset({35931112.0}),frozenset({35930944.0, 35931084.0, 35930860.0, 35799092.0})",1.0,0.024390243902439025,41.0
184,"frozenset({35931112.0, 35930860.0}),frozenset({35930944.0, 35931084.0, 35799092.0})",1.0,0.024390243902439025,41.0
188,"frozenset({35930860.0, 35799092.0}),frozenset({35930944.0, 35931112.0, 35931084.0})",1.0,0.024390243902439025,41.0
187,"frozenset({35931084.0, 35799092.0}),frozenset({35930944.0, 35931112.0, 35930860.0})",1.0,0.024390243902439025,41.0
186,"frozenset({35931084.0, 35930860.0}),frozenset({35930944.0, 35931112.0, 35799092.0})",1.0,0.024390243902439025,41.0
205,"frozenset({35880880.0, 36127511.0}),frozenset({35880866.0})",1.0,0.0975609756097561,10.25
202,"frozenset({35880880.0}),frozenset({35880866.0})",1.0,0.0975609756097561,10.25
207,"frozenset({35880880.0}),frozenset({35880866.0, 36127511.0})",1.0,0.0975609756097561,10.25
174,"frozenset({35930944.0, 35930860.0, 35799092.0}),frozenset({35931112.0, 35931084.0})",1.0,0.024390243902439025,41.0
169,"frozenset({35930944.0, 35931112.0, 35931084.0}),frozenset({35930860.0, 35799092.0})",1.0,0.024390243902439025,41.0
170,"frozenset({35930944.0, 35931112.0, 35930860.0}),frozenset({35931084.0, 35799092.0})",1.0,0.024390243902439025,41.0
218,"frozenset({33700716.0, 35296695.0}),frozenset({36237600.0})",1.0,0.024390243902439025,20.5
171,"frozenset({35930944.0, 35931112.0, 35799092.0}),frozenset({35931084.0, 35930860.0})",1.0,0.024390243902439025,41.0
216,"frozenset({36237600.0, 33700716.0}),frozenset({35296695.0})",1.0,0.024390243902439025,20.5
212,"frozenset({36237600.0}),frozenset({35296695.0})",1.0,0.04878048780487805,20.5
172,"frozenset({35930944.0, 35931084.0, 35930860.0}),frozenset({35931112.0, 35799092.0})",1.0,0.024390243902439025,41.0
173,"frozenset({35930944.0, 35931084.0, 35799092.0}),frozenset({35931112.0, 35930860.0})",1.0,0.024390243902439025,41.0
213,"frozenset({35296695.0}),frozenset({36237600.0})",1.0,0.04878048780487805,20.5
185,"frozenset({35931112.0, 35799092.0}),frozenset({35930944.0, 35931084.0, 35930860.0})",1.0,0.024390243902439025,41.0
209,"frozenset({36127511.0}),frozenset({35880880.0, 35880866.0})",1.0,0.0975609756097561,10.25
175,"frozenset({35931112.0, 35931084.0, 35930860.0}),frozenset({35930944.0, 35799092.0})",1.0,0.024390243902439025,41.0
208,"frozenset({35880866.0}),frozenset({35880880.0, 36127511.0})",1.0,0.0975609756097561,10.25
332,"frozenset({35880880.0}),frozenset({35880866.0, 35881293.0, 36127511.0})",0.7499999999999999,0.07317073170731707,10.249999999999998
333,"frozenset({35880866.0}),frozenset({35880880.0, 35881293.0, 36127511.0})",0.7499999999999999,0.07317073170731707,10.249999999999998
309,"frozenset({36127511.0}),frozenset({35880880.0, 35881293.0})",0.7499999999999999,0.07317073170731707,10.249999999999998
335,"frozenset({36127511.0}),frozenset({35880880.0, 35880866.0, 35881293.0})",0.7499999999999999,0.07317073170731707,10.249999999999998
328,"frozenset({35880880.0, 36127511.0}),frozenset({35880866.0, 35881293.0})",0.7499999999999999,0.07317073170731707,10.249999999999998
298,"frozenset({35880880.0}),frozenset({35881293.0})",0.7499999999999999,0.07317073170731707,10.249999999999998
326,"frozenset({35880880.0, 35880866.0}),frozenset({35881293.0, 36127511.0})",0.7499999999999999,0.07317073170731707,10.249999999999998
314,"frozenset({35880866.0}),frozenset({35880880.0, 35881293.0})",0.7499999999999999,0.07317073170731707,10.249999999999998
305,"frozenset({35880880.0, 36127511.0}),frozenset({35881293.0})",0.7499999999999999,0.07317073170731707,10.249999999999998
301,"frozenset({36127511.0}),frozenset({35881293.0})",0.7499999999999999,0.07317073170731707,10.249999999999998
323,"frozenset({35880880.0, 35880866.0, 36127511.0}),frozenset({35881293.0})",0.7499999999999999,0.07317073170731707,10.249999999999998
302,"frozenset({35880866.0}),frozenset({35881293.0})",0.7499999999999999,0.07317073170731707,10.249999999999998
310,"frozenset({35880880.0, 35880866.0}),frozenset({35881293.0})",0.7499999999999999,0.07317073170731707,10.249999999999998
321,"frozenset({36127511.0}),frozenset({35880866.0, 35881293.0})",0.7499999999999999,0.07317073170731707,10.249999999999998
319,"frozenset({35880866.0}),frozenset({35881293.0, 36127511.0})",0.7499999999999999,0.07317073170731707,10.249999999999998
313,"frozenset({35880880.0}),frozenset({35880866.0, 35881293.0})",0.7499999999999999,0.07317073170731707,10.249999999999998
307,"frozenset({35880880.0}),frozenset({35881293.0, 36127511.0})",0.7499999999999999,0.07317073170731707,10.249999999999998
317,"frozenset({35880866.0, 36127511.0}),frozenset({35881293.0})",0.7499999999999999,0.07317073170731707,10.249999999999998
330,"frozenset({35880866.0, 36127511.0}),frozenset({35880880.0, 35881293.0})",0.7499999999999999,0.07317073170731707,10.249999999999998
618,"frozenset({34955872.0}),frozenset({35929054.0})",0.5,0.024390243902439025,20.5
622,"frozenset({34955872.0, 33700716.0}),frozenset({35929054.0})",0.5,0.024390243902439025,20.5
625,"frozenset({34955872.0}),frozenset({33700716.0, 35929054.0})",0.5,0.024390243902439025,20.5
222,"frozenset({34266421.0}),frozenset({35874181.0})",0.5,0.024390243902439025,20.5
211,"frozenset({35296695.0}),frozenset({33700716.0})",0.5,0.024390243902439025,2.0500000000000003
366,"frozenset({33817091.0}),frozenset({35748790.0, 31881542.0})",0.5,0.024390243902439025,20.5
358,"frozenset({33817091.0}),frozenset({35748790.0})",0.5,0.024390243902439025,20.5
391,"frozenset({33817091.0}),frozenset({35748790.0, 35737093.0, 31881542.0})",0.5,0.024390243902439025,20.5
423,"frozenset({34266421.0}),frozenset({35801556.0})",0.5,0.024390243902439025,20.5
353,"frozenset({33817091.0}),frozenset({35737093.0, 31881542.0})",0.5,0.024390243902439025,20.5
197,"frozenset({33817091.0}),frozenset({34320314.0})",0.5,0.024390243902439025,20.5
219,"frozenset({36237600.0}),frozenset({33700716.0, 35296695.0})",0.5,0.024390243902439025,20.5
221,"frozenset({35296695.0}),frozenset({36237600.0, 33700716.0})",0.5,0.024390243902439025,20.5
217,"frozenset({36237600.0, 35296695.0}),frozenset({33700716.0})",0.5,0.024390243902439025,2.0500000000000003
377,"frozenset({33817091.0}),frozenset({35737093.0, 35748790.0})",0.5,0.024390243902439025,20.5
346,"frozenset({33817091.0}),frozenset({31881542.0})",0.5,0.024390243902439025,20.5
194,"frozenset({33817091.0}),frozenset({35737093.0})",0.5,0.024390243902439025,6.833333333333334
214,"frozenset({36237600.0}),frozenset({33700716.0})",0.5,0.024390243902439025,2.0500000000000003
372,"frozenset({35737093.0}),frozenset({35748790.0, 31881542.0})",0.33333333333333337,0.024390243902439025,13.666666666666668
378,"frozenset({35737093.0}),frozenset({33817091.0, 35748790.0})",0.33333333333333337,0.024390243902439025,13.666666666666668
225,"frozenset({35737093.0}),frozenset({34419476.0})",0.33333333333333337,0.024390243902439025,13.666666666666668
360,"frozenset({35737093.0}),frozenset({35748790.0})",0.33333333333333337,0.024390243902439025,13.666666666666668
354,"frozenset({35737093.0}),frozenset({33817091.0, 31881542.0})",0.33333333333333337,0.024390243902439025,13.666666666666668
392,"frozenset({35737093.0}),frozenset({33817091.0, 35748790.0, 31881542.0})",0.33333333333333337,0.024390243902439025,13.666666666666668
348,"frozenset({35737093.0}),frozenset({31881542.0})",0.33333333333333337,0.024390243902439025,13.666666666666668
195,"frozenset({35737093.0}),frozenset({33817091.0})",0.33333333333333337,0.024390243902439025,6.833333333333334
616,"frozenset({35737093.0}),frozenset({35185661.0})",0.33333333333333337,0.024390243902439025,13.666666666666668
339,"frozenset({33700716.0}),frozenset({34955872.0})",0.2,0.04878048780487805,4.1
626,"frozenset({33700716.0}),frozenset({34955872.0, 35929054.0})",0.1,0.024390243902439025,4.1
404,"frozenset({33700716.0}),frozenset({31047751.0})",0.1,0.024390243902439025,4.1
5,"frozenset({33700716.0}),frozenset({35149576.0})",0.1,0.024390243902439025,4.1
220,"frozenset({33700716.0}),frozenset({36237600.0, 35296695.0})",0.1,0.024390243902439025,2.05
629,"frozenset({33700716.0}),frozenset({34670020.0})",0.1,0.024390243902439025,4.1
295,"frozenset({33700716.0}),frozenset({35606424.0})",0.1,0.024390243902439025,4.1
620,"frozenset({33700716.0}),frozenset({35929054.0})",0.1,0.024390243902439025,4.1
290,"frozenset({33700716.0}),frozenset({34252904.0, 32372746.0, 35315231.0})",0.1,0.024390243902439025,4.1
215,"frozenset({33700716.0}),frozenset({36237600.0})",0.1,0.024390243902439025,2.05
270,"frozenset({33700716.0}),frozenset({32372746.0, 35315231.0})",0.1,0.024390243902439025,4.1
615,"frozenset({33700716.0}),frozenset({36324274.0, 35265692.0})",0.1,0.024390243902439025,4.1
10,"frozenset({33700716.0}),frozenset({35149576.0, 33787621.0})",0.1,0.024390243902439025,4.1
408,"frozenset({33700716.0}),frozenset({36077076.0})",0.1,0.024390243902439025,4.1
609,"frozenset({33700716.0}),frozenset({35265692.0})",0.1,0.024390243902439025,4.1
210,"frozenset({33700716.0}),frozenset({35296695.0})",0.1,0.024390243902439025,2.05
605,"frozenset({33700716.0}),frozenset({36324274.0})",0.1,0.024390243902439025,4.1
413,"frozenset({33700716.0}),frozenset({36077076.0, 31047751.0})",0.1,0.024390243902439025,4.1
243,"frozenset({33700716.0}),frozenset({34252904.0})",0.1,0.024390243902439025,4.1
247,"frozenset({33700716.0}),frozenset({32372746.0})",0.1,0.024390243902439025,4.1
253,"frozenset({33700716.0}),frozenset({34252904.0, 32372746.0})",0.1,0.024390243902439025,4.1
276,"frozenset({33700716.0}),frozenset({34252904.0, 35315231.0})",0.1,0.024390243902439025,4.1
258,"frozenset({33700716.0}),frozenset({35315231.0})",0.1,0.024390243902439025,4.1
342,"frozenset({33700716.0}),frozenset({35606445.0})",0.1,0.024390243902439025,4.1
0,"frozenset({33700716.0}),frozenset({33787621.0})",0.1,0.024390243902439025,4.1
